Nom de la prestation,À propos de l'organisateur
Caricaturiste,Information non trouvée
BandSound - Orchestre Live,Information non trouvée
Traiteur barbecue argentin,Information non trouvée
L'animation silhouettiste : Transformez votre événement en un moment inoubliable,Information non trouvée
Caricatures évènements d'entreprises,Information non trouvée
Spectacle déambulatoire cirque : bOOst,Information non trouvée
Déambulation échassiers blancs,Information non trouvée
L'animation dansante,Information non trouvée
Entre Nous Show Live (ENSL),Information non trouvée
Signature,Information non trouvée
Electrique Circus,Information non trouvée
Spectacles vivants et animation de repas,Information non trouvée
Team Building magique,Information non trouvée
Spectacle : Back to 1930,Information non trouvée
Y-Lanta,Information non trouvée
Murder Party,Information non trouvée
"Organisation de vos évènements privés (mariage, anniversaire etc...)",Information non trouvée
Organisation de votre mariage,Information non trouvée
Organisation de vos évènements professionnels,Information non trouvée
Animation sucette pour Particuliers et Entreprises,Information non trouvée
Animation caricature,Information non trouvée
"Spectacle ""Frontière"" de magie et mentalisme",Information non trouvée
Conception stand pour salon professionnel,Information non trouvée
Location et vente écran géant LED,Information non trouvée
Animation accordéon New Guinguette - Swing,Information non trouvée
​Vos boissons à présenter à vos invités de manière inédite et originale,Information non trouvée
L'essentiel,Information non trouvée
Escape game mobil et éphémère,Information non trouvée
Master Class à distance,Information non trouvée
Le biathlon dans la peau avec Altitude biathlon,Information non trouvée
Erika V. animation d'événements,Information non trouvée
Virtual Team Booster en distanciel,Information non trouvée
Animation musicale avec reprises acoustiques,Information non trouvée
Erika V. Créatrice d'ambiance,Information non trouvée
Erika V. Organisateur d'événements,Information non trouvée
City Explorer,Information non trouvée
Mount Everest Challenge,Information non trouvée
Escape Game digital,Information non trouvée
Amazing Race,Information non trouvée
Photographe Evénementiel d'Entreprise,Information non trouvée
Osez le golf,Information non trouvée
Anniversaires enfants,Information non trouvée
Spectacle : le chasseur de dragons,Information non trouvée
Animation Bar à Cocktail Soirée Entreprise Lyon - Fin Pallet,Information non trouvée
Animation mariage originale Lyon - Bar à Cocktails Fin Pallet,Information non trouvée
Bar a cocktail innovant pour soirée d'entreprise à Lyon,Information non trouvée
Photographe région Auvergne-Rhône-Alpes,Information non trouvée
Photographe bébé Lyon,Information non trouvée
Reportage photo de Baptême,Information non trouvée
Location Borne à Selfie,Information non trouvée
Déambulation fantastique : Harpies ! - Echassières ailées,Information non trouvée
Déambulation féerique Le peuple de Moriquendi,Information non trouvée
Animation musicale de qualité,Information non trouvée
Location & Vente de matériels audiovisuels et tactiles,Information non trouvée
Photographe de mariages,Information non trouvée
DJ Animateur Musicien Pro - Vidéo,Information non trouvée
Petit manège enfants de 20 places à louer,Information non trouvée
Spectacle cabaret avec chanteurs et chanteuses,Information non trouvée
Animations musicale de vos repas,Information non trouvée
Les Nymphéas,Information non trouvée
Commande de portraits,Information non trouvée
Animations ludiques,Information non trouvée
Location écran géant Lyon Rhone-Alpes,Information non trouvée
Organisation de lancements de produits,Information non trouvée
Opérette : Un Trésor Beaujolais,Information non trouvée
Organisation d'inauguration,Information non trouvée
"Activités ludiques, sportives et culturelles - Team building",Information non trouvée
Spectacle de feu - Ajna - Duo enflammé,Information non trouvée
Animation de rue de Noël : déambulation féerique,Information non trouvée
"Echassiers, jongleurs, musiciens : animation de rues",Information non trouvée
Spectacle de Noél,Information non trouvée
Solutions Internet Temporaires,Information non trouvée
Spectacle de danses - Danses du Monde et Urbaines,Information non trouvée
"Animation caricature pour salons, mariages, repas d'entreprise, etc",Information non trouvée
"Spectacles de rue concert, comédie et cirque",Information non trouvée
Maquillages enfants,Information non trouvée
Maquilleuse et coiffeuse pour votre mariage,Information non trouvée
"DJ avec chanteuse, danseuses, violoniste et chanteur",Information non trouvée
"Musidea, spectacles et artistes pour animer votre événement en musique et danse",Information non trouvée
Spectacle Revue cabaret à thèmes pour vos événements prestigieux !,Information non trouvée
"Comic Fabrique, spectacle humoristique pour jeune public",Information non trouvée
Soprano pour cérémonie de mariage,Information non trouvée
Décoration de mariage,Information non trouvée
Décoration événementielle,Information non trouvée
Peinture'n Fraiche,Information non trouvée
L'Opérette en fête,Information non trouvée
Location de palmiers lumineux,Information non trouvée
Recherche et négociation de lieux,Information non trouvée
Location Mobilier,Information non trouvée
Location Chapiteaux,Information non trouvée
Les Bulles de savon Géantes,Information non trouvée
"Animation ""bulles de savon géantes""",Information non trouvée
Organisation complète d'un mariage,Information non trouvée
Des déguisements en tous genres chez Déguiz fêtes,Information non trouvée
Pyrotechnie et feux d'artifices en Auvergne et dans toute la France,Information non trouvée
Coordination d'évènements,Information non trouvée
Prestations Techniques pour l'événementiel,Information non trouvée
Ateliers maquillage,Information non trouvée
Récital-spectacle La Route des Vins,Information non trouvée
Photographe Mariage Portrait Pub Mode,Information non trouvée
Un magicien à votre service sur la région de Lyon,Information non trouvée
"Spectacle junior ""Le Clown et la Diva""",Information non trouvée
Votre film de mariage en Rhône-Alpes,Information non trouvée
Animations musicales pour 400 euros,Information non trouvée
Animation de soirées dansantes et festivités dans la région Rhônes-Alpes,Information non trouvée
Saxophoniste animation cocktail vin d'honneur rhone alpe,Information non trouvée
Faire-part sur mesure / unique / personnalisé / original,Information non trouvée
Photographe Mariage - Lyon et Rhône-Alpes,Information non trouvée
Book photos de Lingerie - Lyon et Rhône-Alpes,Information non trouvée
Book photos de grossesse - Lyon et Rhône-Alpes,Information non trouvée
Prestation sonorisation / éclairage de spectacles,Information non trouvée
Animation DJ Lyon - Sonolune Animation,Information non trouvée
Animation musicale à Lyon et sa région | mariage anniversaire,Information non trouvée
Magicien grenoble magicien pour enfants isere 38,Information non trouvée
Un magicien a Aix les Bains (73),Information non trouvée
"Psycho Circus, le cirque de l'étrange",Information non trouvée
Spectacle de magie : anniversaires pour enfants,Information non trouvée
Atelier de magie : anniversaires pour enfants,Information non trouvée
"Zolthar, le sorcier des carpathes",Information non trouvée
Close-Up région parisienne,Information non trouvée
Magie en Savoie (73) - Magicien close-up,Information non trouvée
Sculpture de ballons et magie enfants en Savoie (73),Information non trouvée
Shines Academy,Information non trouvée
Affectus,Information non trouvée
Velvet & Dynamite String Quartet,Information non trouvée
L'Orgu'à Bily,Information non trouvée
Maître grilleur,Information non trouvée
Loma Loca,Information non trouvée
Brick Fun,Information non trouvée
Christophe Batisson Animations,Information non trouvée
GR-Evenement,Information non trouvée
Lake Montagnes,Information non trouvée
Paulin & sa Tresse Magique,Information non trouvée
Alexandra Buendia,Information non trouvée
"Fine, bar événementiel",Information non trouvée
Vitamine Jazz band,Information non trouvée
Noexus JLS Production,Information non trouvée
Martinez,Information non trouvée
Corentin Fayard,Information non trouvée
Atelie Art en Soi,Information non trouvée
Barrio Combo,Information non trouvée
Picnic,Information non trouvée
Libera Corpus,Information non trouvée
Les Fardelets Du Forez,Information non trouvée
La guitare des gones,Information non trouvée
Dance Concept Event,Information non trouvée
MCL Production,Information non trouvée
Yllar Montagne,Information non trouvée
Les Pâtisseries d'Odile,Information non trouvée
Cabaret Døry Arena,Information non trouvée
Les silhouettistes,Information non trouvée
Gaëtan Accordéoniste,Information non trouvée
Orchestre de variété Shamane,Information non trouvée
Event & Relax,Information non trouvée
Gipsy Events,Information non trouvée
Metisports Events,Information non trouvée
Claire-Line Délices,Information non trouvée
Manhattan,Information non trouvée
Kube Agence événementielle,Information non trouvée
Laurie Fabien Magiciens,Information non trouvée
Jahmm Prod,Information non trouvée
Hugo Marceau,Information non trouvée
Music and Light,Information non trouvée
Calix,Information non trouvée
France Ecran Location,Information non trouvée
Creativ Mob,Information non trouvée
Group Securite,Information non trouvée
DB Event',Information non trouvée
Homy3d,Information non trouvée
Events Solutions,Information non trouvée
Grégory Chauchat - Accordéoniste,Information non trouvée
M'hadjeb Street Food,Information non trouvée
Agence Bisons,Information non trouvée
GED Event,Information non trouvée
La Fabrique Jaspir,Information non trouvée
Chasseurs de mystères,Information non trouvée
Seminaires-Mont-Blanc,Information non trouvée
Mathieu Grant,Information non trouvée
AE & MP Evénementiel,Information non trouvée
MDWP,Information non trouvée
Cobra Sonorisation,Information non trouvée
Vintie's,Information non trouvée
J Sports Events,Information non trouvée
Teams Connect,Information non trouvée
MadSound,Information non trouvée
Pyrobox Artifices,Information non trouvée
Maquille Tout,Information non trouvée
No Limit Golf,Information non trouvée
Pose Ton Gone,Information non trouvée
Cupkiller,Information non trouvée
Deloire,Information non trouvée
Happysport,Information non trouvée
Cie les Ptites Dames,Information non trouvée
Erika V. Créatrice d'ambiance,Information non trouvée
Ged Event - Fournisseur de matériel évènementiel,Information non trouvée
Le Chêne Bleu : course de drones,Information non trouvée
Jacky Gerbert-Genthon,Information non trouvée
Discovery Event,Information non trouvée
Generations Magie,Information non trouvée
Actual Event Organisation,Information non trouvée
Sonoslights,Information non trouvée
Fin Pallet,Information non trouvée
Ma Box Selfie,Information non trouvée
Au Carré,Information non trouvée
C-Kub Events,Information non trouvée
D&B Dragées & Biscuits,Information non trouvée
Sonorisalyon,Information non trouvée
La Barmobile,Information non trouvée
Event et Loisirs,Information non trouvée
Alexandra Dubois Photographe,Information non trouvée
Fredd Photography,Information non trouvée
Mylène Pouyet,Information non trouvée
Katy MK,Information non trouvée
Loun'Art,Information non trouvée
Eric Dorey,Information non trouvée
AnimLoc,Information non trouvée
Allô-Extraservices,Information non trouvée
Le Chaudron de Lulu,Information non trouvée
MD Events,Information non trouvée
Serious Play,Information non trouvée
Mon Photobooth,Information non trouvée
Port Rambaud,Information non trouvée
Beaubon,Information non trouvée
Evenco,Information non trouvée
Théatre Guignol,Information non trouvée
Histoire et Légende,Information non trouvée
Ramunshow,Information non trouvée
Cie Mzele,Information non trouvée
Musical Hat,Information non trouvée
Magicien au service de votre évenement,Information non trouvée
Anim'Et Vous,Information non trouvée
Dance Mix,Information non trouvée
Ledstage,Information non trouvée
Le Lutin,Information non trouvée
René Pierre Location,Information non trouvée
Ensemble Belleville,Information non trouvée
Animation western,Information non trouvée
Jeux en bois géants,Information non trouvée
Spectacle de guignol pour enfants,Information non trouvée
Melkior,Information non trouvée
GF Artifices,Information non trouvée
Alpes Business Class,Information non trouvée
Apikids anime vos fêtes enfantines,Information non trouvée
Evènement Soi,Information non trouvée
Internet Anywhere,Information non trouvée
JC Tomassini Magicien à Lyon,Information non trouvée
LiFi Artistes,Information non trouvée
FL Magic,Information non trouvée
Le Père Lachaize Croque-Vivants!,Information non trouvée
Cirque Pépin,Information non trouvée
Compagnie Moriquendi,Information non trouvée
3J Music,Information non trouvée
Amazing Events Agency,Information non trouvée
DJ Animateur Yoannim,Information non trouvée
Arl & Clem'Prod,Information non trouvée
Les Fourmis Blanches,Information non trouvée
PLF Events,Information non trouvée
18 avril,Information non trouvée
Ramm Benjamin - Caricaturiste Portraitiste,Information non trouvée
Eludd,Information non trouvée
EGcom World Events,Information non trouvée
Music & Lights,Information non trouvée
Kervan Compagnie,Information non trouvée
Le Zaza Show,Information non trouvée
Carmine Caricaturiste,Information non trouvée
Duo Variations,Information non trouvée
Screen'Events,Information non trouvée
Evotion,Information non trouvée
David Breysse,Information non trouvée
Lazerdance Organisation,Information non trouvée
Infovision France,Information non trouvée
Altitude Biathlon,Information non trouvée
SV Anim,Information non trouvée
Kalyce Parures d'un Jour,Information non trouvée
Théâtre de la Courte Echelle,Information non trouvée
Peintre Sonore,Information non trouvée
La Tostaki Compagnie - Duo jazz manouche,Information non trouvée
"Hervé Troccaz, magicien",Information non trouvée
L'Atelier des Faiseurs de Rêves,Information non trouvée
GeneraSon,Information non trouvée
Tanaga ambiance designer,Information non trouvée
R'Evenements,Information non trouvée
Fred Bulleur,Information non trouvée
Anim'Magic,Information non trouvée
Déguiz fêtes,Information non trouvée
K'ella,Information non trouvée
Gospel Angel,Information non trouvée
Select Venue,Information non trouvée
Musidea,Information non trouvée
Lucie Changeur maquillage artistique,Information non trouvée
Placement d'artistes ou d'animaux - Alloconsulting,Information non trouvée
Cédric Darbord,Information non trouvée
Atelier Studio Life Events Photographie,Information non trouvée
Jul Animation,Information non trouvée
Ashaanty Project Cie Ode Izis,Information non trouvée
Monts-dor-video,Information non trouvée
Animations Musicales Interactives – AMI.fr,Information non trouvée
Desir Event,Information non trouvée
Agence Eterna,Information non trouvée
Avant l'Aurore,Information non trouvée
Les Illumilutines,Information non trouvée
Beez Events,Information non trouvée
Groupe Trigones,Information non trouvée
Kris Guillen Photographe,Information non trouvée
Svarta Photography,Information non trouvée
Abris et Chapiteaux de Lyon,Information non trouvée
Animation JP,Information non trouvée
Zefairepart.com,Information non trouvée
Photo Gil - Photographe,Information non trouvée
Laurent Carpentier Photographies,Information non trouvée
La boîte à surpriz,Information non trouvée
XionDJ-Animation,Information non trouvée
Sonolune,Information non trouvée
Byzancephoto,Information non trouvée
Animare,Information non trouvée
Fréquence,Information non trouvée
Aria Prod,Information non trouvée
Instants montage,Information non trouvée
Genin Christian Photographie,Information non trouvée
Dvd creations,Information non trouvée
Créatif Numérique,Information non trouvée
Artus events,Information non trouvée
Les Malices de Sophie,Information non trouvée
Fred Ericksen illusionniste,Information non trouvée
Stefan Clamaron,Information non trouvée
Papeck le magicien,Information non trouvée
Villa Flavia  Location de salle,Information non trouvée
